﻿title,date
ECC endorses purchase of $582mn capital shares in BRICS’s New Development Bank,14/02/2025
"Netanyahu’s statement to establish Palestinian state in Saudi Arabia irresponsible, provocative: FO",14/02/2025
"India, US agree to resolve trade and tariff rows after Trump-Modi talks",14/02/2025
Aurangzeb discusses Pakistan’s structural reforms with IFC chief,14/02/2025
"HBL, S&P Global launch Pakistan’s first manufacturing PMI",14/02/2025
KSE-100 closes 479 points lower as late-session selling erases intra-day gains,14/02/2025
PPL executes agreements for Sui Gas Field operations,14/02/2025
"Hubco Green, PSO collaborate to setup EV charging infrastructure across Pakistan",14/02/2025
Rupee records marginal improvement against US dollar,14/02/2025
"At least 9 dead, 7 injured in Balochistan’s Harnai blast",14/02/2025
"Gold adds to record rally, reaches Rs306,200 per tola in Pakistan",14/02/2025
"IMF’s 2024 Article IV report, and debate on inflation—I",14/02/2025
Pakistan CPI 2024 – deep-rooted corruption persists,13/02/2025
‘Like a wormhole’: Musk promises ‘Dubai Loop’ tunnel network,13/02/2025
Reforming pension funds in Pakistan: a sustainable approach,13/02/2025
CJP Afridi administers oath to newly-appointed SC judges,14/02/2025
Solar panel imports: 80 companies transferred around Rs106bn abroad: FBR,14/02/2025
Credits against tax WH: FBR issuing notices to salaried individuals: KTBA,14/02/2025
New power projects: Govt removes FSA guarantee requirement,14/02/2025
PIA financial closure deadline shortened by 4 months,14/02/2025
Trump says US has approved extradition of suspect in 2008 Mumbai attacks,14/02/2025
"Stocks remain range-bound, KSE-100 closes 361 points lower",13/02/2025
Aurangzeb highlights increasing risks facing insurance industry,13/02/2025
Turkiye’s President Erdogan wraps up two-day visit to Pakistan,13/02/2025
Pakistan Refinery says will shut down plant for ‘approximately 6 days’,14/02/2025
Gazans return to ruined homes and severe water shortage,14/02/2025
"UK, US agree Zelenskiy must be part of Ukraine peace talks, UK foreign minister says",14/02/2025
More than 500 million take ‘holy dip’ in India’s Maha Kumbh festival,14/02/2025
PARTLY FACETIOUS: Our stakeholders know everything about everything,14/02/2025
Harassment experiences in Pakistan: the need to speak up,13/02/2025
Bollywood music labels seek to challenge OpenAI in India copyright lawsuit,14/02/2025
Australia thrashed as Sri Lanka sweep ODI series,14/02/2025
Injuries disrupted England’s training during India ODI series: McCullum,14/02/2025
South African rand firms after Trump’s tariff move; local budget next week,14/02/2025
"Paramount channels, including CBS and Nickelodeon, to go dark on YouTube TV",13/02/2025
Saudi Arabia to host Arab summit on Trump’s Gaza plan,14/02/2025
India’s FX reserves rise to over one-month high on revaluation gains,14/02/2025
Sri Lanka shares end higher; central bank sees inflation peak above target in Q2 next year,14/02/2025
China’s yuan strengthens as central bank pledges to keep exchange rate stable,14/02/2025
Gold set for seventh weekly gain as trade war risks lift demand,14/02/2025
Hamas expected to name Israeli hostages it will free this weekend,14/02/2025
"Fitness, registration of heavy vehicles: Sindh govt to proactively pursue the objective: Sharjeel",14/02/2025
Intra-party: elections case ECP directs PPP to submit response,14/02/2025
Rs10bn defamation suit: LHC seeks more arguments on IK’s plea,14/02/2025
Senate pays rich tributes to Prince Karim Aga Khan,14/02/2025
Punjab PA session begins amid highly tense atmosphere: Performance of ‘Specialised Healthcare Dept’ comes under severe criticism,14/02/2025
Agri talks with China likely next month: Tanveer,14/02/2025
"Islamabad’s Zones 2, 4, and 5: CDA forms joint body to oversee projects",14/02/2025
CPSP's role highlighted in promoting higher medical education,14/02/2025
Law minister defends IMF team meeting with CJP,14/02/2025
"Field of education: Pakistan, Kazakhstan for enhancing mutual cooperation",14/02/2025
PM urges Turkish businessmen to invest in diverse fields,14/02/2025
Europe warns Trump against Ukraine deal ‘behind our backs’,14/02/2025
IK urges army chief to revisit policies in ‘best national interest’,14/02/2025
Police charge couple with murder of child maid,14/02/2025
Elahi’s plea: AC reserves verdict till 27th,14/02/2025
DeepSeek gives China’s chipmakers leg up in race for cheaper AI,13/02/2025
China’s Tencent wins video copyright infringment case in US district court,13/02/2025
Acting NASA chief says DOGE to review space agency spending as hundreds take buyout,13/02/2025
Three Pakistani players fined for ICC code of conduct breach,13/02/2025
Australia’s Johnson sees chance to shine while ‘Big Three’ quicks away,13/02/2025
"Adani to restore full power to Bangladesh in days but differences remain, say sources",14/02/2025
India seen seeking global bids this year for 114 fighters,14/02/2025
Britain announces new sanctions against Putin allies,14/02/2025
"Ukraine’s Zelenskiy says he will visit UAE, Saudi Arabia, Turkiye",14/02/2025
Macron warns against ‘peace that is a capitulation’ in Ukraine,14/02/2025
Page Analyses and Comments LHR Page 2,14/02/2025
Page World Economy and Politics News Page 5,14/02/2025
Page World Economy and Politics News ISB Page 5,14/02/2025
Israeli military killed 85 journalists in 2024: CPJ,13/02/2025
"FO dismisses India-US statement against Pakistan as ‘one-sided, misleading’",14/02/2025
Rawalpindi police arrest primary suspect in college student ‘honour’ killing case,14/02/2025
Sri Lanka hammer Australia in record 174-run rout,14/02/2025
"JD Vance says US wields economic, military leverage on Russia in Ukraine talks",14/02/2025
Pope Francis taken to hospital for bronchitis after struggling to speak,14/02/2025
"At least 10 dead, 6 injured as blast in Harnai targets pickup truck carrying mine workers",14/02/2025
Karachi administration revises timings for movement of heavy vehicles,14/02/2025
Six newly appointed Supreme Court judges take oath,14/02/2025
Pakistan hopes hosting major cricket tournament will erase worries of instability,14/02/2025
International Childhood Cancer Day: Living well till the end,14/02/2025
Kubra Khan and Gohar Rasheed are officially married!,14/02/2025
"Champions Trophy 2025: squads, groups and schedule",13/02/2025
From Napa to Rada: Actor Hani Taha’s journey to the world’s premier drama school,14/02/2025
Excellence Over Perfection: Highlights from the ADA Awards 2025,13/02/2025
Fashion designer Mehmood Bhatti alleges assault by lawyers in Lahore court,14/02/2025
Oscar winner Bong Joon-ho returns to big screen with Mickey 17,14/02/2025
"Breathe Pakistan: A cleaner tomorrow, one step at a time",13/02/2025
Conspiracy theorist Gabbard confirmed as new US spy chief,13/02/2025
"Trump launches ‘reciprocal tariffs’ for allies, rivals",14/02/2025
ICC announces prize money breakdown for Champions Trophy,14/02/2025
Karachi basketball at crossroads as rival factions clash,14/02/2025
Pesticides causing widespread harm to animals and plants: study,14/02/2025
Jeffrey Sachs: Trump's tariff policy bound to fail,14/02/2025
‘Is this the same team?’: Cricket fans rejoice as Pakistan clinches record-breaking victory against South Africa,13/02/2025
"Mehwish Hayat is making her TV comeback with a dark, chilling role for 7th Sky Entertainment",13/02/2025
‘We risk losing hold on reality’: Scarlett Johansson slams AI video of stars protesting against Kanye,13/02/2025
From The Past Pages Of Dawn: 1975: Fifty Years Ago: Secret deal denounced,13/02/2025
Stocks extend overnight losses for want of triggers,14/02/2025
Bureaucrats will also have to declare their assets,13/02/2025
SBP reserves fall $500m in less than a month | Dawn News English,14/02/2025
"India, US agree to resolve trade and tariff rows after Trump-Modi talks",14/02/2025
Imran’s attempts to engage military draw cold shoulder,14/02/2025
Sindh govt relaxes timing of ban on entry of heavy vehicles,14/02/2025
Punjab law minister blames ‘complacent’ law officers for court summons to secretaries,14/02/2025
Local bodies members flexing muscles for another protest in Peshawar,14/02/2025
Two soldiers hurt in Indian firing at LoC,14/02/2025
CM inspects Gulberg integrated uplift pilot project,13/02/2025
Centre exploring olive production on commercial basis in Chagai,13/02/2025
Second polio case of 2025 reported from Badin,13/02/2025
"‘England can be dangerous in Champions Trophy despite India loss’, says Butler",14/02/2025
Couple remanded in Rawalpindi minor maid’s murder case,14/02/2025
"Girl found dead, brother rescued after two years of captivity in Chakwal",14/02/2025
Polio certificate must for Saudi-bound passengers: PIA,14/02/2025
Man shoots himself dead after killing 4 children in Swabi: officials,13/02/2025
FBR confident of raising tax-to-GDP ratio despite shortfall,13/02/2025
US aircraft carrier collides with merchant ship in Mediterranean,14/02/2025
"Europe, Kyiv warn Trump against ‘dirty deal’ on Ukraine",14/02/2025
Iran says it will rebuild nuclear facilities if attacked following reports of planned Israeli strike,13/02/2025
Sharaa speaks of ‘strong strategic ties’ with Russia in Putin phone call,13/02/2025
"India expects $200 million missile deal with Philippines this year, sources say",13/02/2025
Turkiye President Erdogan touches down in Pakistan,13/02/2025
"Karachi police unveil traffic and parking plan for tri-series, Champions Trophy",13/02/2025
"Sabalenka, Gauff dumped out of Qatar Open",13/02/2025
"In a first, new SC judges to take oath outdoors",14/02/2025
"Chamber president, Customs men kidnapped in South Waziristan",14/02/2025
"PTI backed military courts after APS attack, says Justice Hilali",14/02/2025
Imran’s attempts to engage military draw cold shoulder,14/02/2025
Bureaucrats will also have to declare their assets,13/02/2025
No prison for Imran’s sisters; Swati ‘found involved’ in May 9 cases,13/02/2025
Int­er­national Finance Corpo­ration chief urges Pakistan to ensure macro-economic stability,13/02/2025
28 injured in car ramming attack in Munich,14/02/2025
Direct rule imposed on Manipur amid ethnic violence,14/02/2025
Economist Stiglitz urges tariffs on Trump’s ‘dysfunctional’ admin,14/02/2025
Bots dupe the lonely looking for love and access financial accounts,13/02/2025
"Pakistan rejects India-US joint statement, defends counter-terrorism efforts",14/02/2025
"Customs officials, chamber president kidnapped in K-P",14/02/2025
Tri-series final: Pakistan set 243-run target for New Zealand,14/02/2025
PAF’s JF-17 to perform at Champions Trophy opening ceremony in Karachi,14/02/2025
Petrol price expected to drop in next review,14/02/2025
PM Shehbaz calls for stronger UN partnership on climate action,14/02/2025
Sher Afzal Marwat's 'Mujhe kyun nikala?' question sparks laughter in NA,14/02/2025
"AJK interior minister claims India behind smuggling, IED incidents along LoC",14/02/2025
Supreme Court updates seniority list with new judges,14/02/2025
Justice Sarfraz Dogar takes oath as acting Chief Justice of IHC,14/02/2025
The rise of a larger but weaker judiciary?,14/02/2025
Glaring loopholes in Civil Servants Act tweaks,14/02/2025
"Blast at coal mine in Harnai claims 9 lives, leaves 6 injured",14/02/2025
"'No fear of references if innocent,' says Justice Mansoor Ali Shah",14/02/2025
Over 500 million devotees take 'holy dip' at Maha Kumbh Mela in India,14/02/2025
"Pope Francis, 88, admitted for bronchitis treatment after struggling to speak",14/02/2025
Facebook demands confirmation from page operators on content for children under 13,14/02/2025
Atif Aslam’s breakup advice gains attention and debate,14/02/2025
Sri Lanka complete clean sweep over Australia in ODI series,14/02/2025
"Babar Azam: King no more, stats tell the struggling tale",14/02/2025
"Chahat Fateh Ali Khan, Meera’s 'Bado Badi' collab amuses netizens",14/02/2025
'Qubool Hai:' Kubra Khan and Gohar Rasheed Have Tied the Knot in Makkah,14/02/2025
Is Urfi Javed engaged? photo triggers engagement rumors,14/02/2025
"Pakistan, Turkiye sign multiple agreements to boost bilateral relations",13/02/2025
Shab-e-Barat being observed with religious fervour across country,13/02/2025
Pakistan Foreign Policy Challenges: Post US Presidential Election 2024,14/02/2025
Ranked: The Best Men in Romance Movies That'll Make You Believe in Love Again,14/02/2025
Still Angry at Your Ex? The San Antonio Zoo Will Name a Cockroach After Them & Feed it To Animals,14/02/2025
26 Year-Old TikToker Bailey Hutchins Tragically Passes Away After 2 Year Battle With Colon Cancer,14/02/2025
"Dear Pakistani Men, Please Stop Making Rakhi Sawant Cry",14/02/2025
"Despite Political Tensions, Mawra Hocane's 'Sanam Teri Kasam' Re-Release Triumphs Indian Cinema",14/02/2025
"Russian drone attack damages Chernobyl shelter, Zelensky says",14/02/2025
"US Navy aircraft carrier collides with merchant ship near Egypt, Suez Canal",14/02/2025
"PM Modi Meets Elon Musk in Washington, Discusses Tech Ties Amid Trump Tariff Threats",14/02/2025
Elon Musk announces 'Dubai Loop' underground transport system project,13/02/2025
Musk threatens to withdraw $97B OpenAI bid unless nonprofit shift stops,14/02/2025
"Togg T10X, Turkey's first national electric SUV",14/02/2025
Meta's new tools aim to protect users from Valentine's Day romance fraud,13/02/2025
ICC announces prize money for 2025 Champions Trophy,14/02/2025
Babar Azam breaks Virat Kohli's another record,14/02/2025
Soulja Boy drags Marlon Wayans’ dead mother in ongoing beef,14/02/2025
Sabrina Carpenter and Dolly Parton’s 'Please Please Please' remix takes an unexpected turn in new video,14/02/2025
‘Wacky Races’ character designer Jerry Eisenberg dies at 87,14/02/2025
Catherine Zeta-Jones to star in revenge thriller series Kill Jackie based on Nick Harkaway's novel,14/02/2025
Exploring love through the rhythm and blues of K-pop,14/02/2025
"If love hurts, the Sufis say you’re doing it right",14/02/2025
Caught in crossfire? Women under siege in influencer culture,14/02/2025
"'Cobra Kai' stars Tanner Buchanan and Mary Mouser confirm relationship, spark engagement rumours",13/02/2025
Did Elon Musk’s son really tell Trump to 'shush your f***ing mouth up' in the Oval Office?,13/02/2025
Wang's London visit marks revival of UK ties,14/02/2025
"Hamas vows to uphold truce, plans to proceed with hostage-prisoner swap",13/02/2025
Senate panel advances nomination of Kash Patel as FBI director pick,14/02/2025
US deports migrants from Pakistan to Panama,14/02/2025
UAE Blue Visa: Can Pakistanis qualify for 10-year residency?,13/02/2025
US Attorney General Pam Bondi files lawsuit against New York's immigration law,13/02/2025
Journalist killings reach record high in 2024,13/02/2025
Israel says Hamas must free three living hostages,14/02/2025
Watch: Humpback whale swallows kayaker in dramatic Chilean waters encounter,14/02/2025
"Alligators, raccoons, and more thrive in urban sewer systems",14/02/2025
TikTok reinstated in app stores after national security concerns and legal battle,14/02/2025
From Aztec Ritual to Valentine’s Day Staple: The Rise of Chocolate Gifts,14/02/2025
#IStandWithSandiePeggie: Nurse Sandie Peggie speaks out amid NHS Fife women’s changing room scandal,14/02/2025
Arab nations band together against Trump's Gaza plan,13/02/2025
"DOGE subcommittee uncovers $2.7 trillion in improper Medicare, Medicaid payments",13/02/2025
Taylor Swift's bodyguard Drew becomes viral sensation for protecting the star,14/02/2025
"""Not my King': Anti-monarchy protesters chant at King Charles during visit to Middlesbrough",14/02/2025
Ralph Macchio reveals the key to his 38-year marriage and Cobra Kai legacy,14/02/2025
Prince William and Kate Middleton celebrate Valentine's Day sharing PDA-filled photo,14/02/2025
Druski roasted by NBA fans for bold 2025 All-Star game stat predictions and lack of defense,14/02/2025
Basketball star Jahki Howard caught sliding into DMs of trans influencer,13/02/2025
Leonardo DiCaprio’s ex Bar Refaeli's Valentine’s Day lingerie shoot goes viral,13/02/2025
William Shatner accuses Mark Hamill of ruining Star Wars,13/02/2025
Justin Bieber’s comment on Keke Palmer’s post raises eyebrows amid Hailey Bieber divorce rumors,14/02/2025
Lizzo teases ‘End of an era’ with cryptic Instagram post months after sexual abuse scandal,14/02/2025
Kanye West and Bianca Censori deny divorce rumours amid controversies,14/02/2025
Kanye West's $250K sex tape scandal resurfaces amid Bianca Censori divorce rumors,14/02/2025
Rihanna sends emotional message to kids amid A$AP Rocky’s shooting trial,14/02/2025
Lexi Minetree cast as Elle Woods in ‘Legally Blonde’ prequel on Prime Video,14/02/2025
"Resident Alien season 4: new network, plot twists, and release timeline",14/02/2025
The Lord of the Rings: The Rings of Power season 3 officially renewed with filming starting in 2025,13/02/2025
Sabrina Carpenter's 'Bad Reviews' lyrics spark rumors about Barry Keoghan after clues in album,14/02/2025
Drake and PARTYNEXTDOOR drop $ome $exy $ongs 4 U on Valentine’s Day,14/02/2025
MrBeast’s Beast Games winner: Who took home the $10M prize?,14/02/2025
Lady Gaga shocked by Sean Evans’ deep-cut questions in Hot Ones teaser,13/02/2025
Taco Bell security guard caught on video slapping female customer in shocking incident,13/02/2025
Rapper Gillie Da Kid claims 17-Year-Old Noah Scurry killed his son before being shot dead,13/02/2025
Andy Cohen’s alleged leaked nudes spark debate online,13/02/2025
Jisoo returns with earthquake music video from new mini-album AMORTAGE on Valentine’s Day,14/02/2025
Drake addresses rap beef with Joe Budden and Kendrick Lamar on new song 'Gimme a Hug',14/02/2025
"Kanye West returns to X after Antisemitic rant, fans say 'the black vans paid a visit'",13/02/2025
"Ty Dolla $ign cuts ties with Kanye West, deletes Instagram posts over Antisemitic controversy",13/02/2025
Drake surprises Melbourne fan with on-stage gender reveal & gifts $50K to expectant mother,13/02/2025
TikTok’s Back in the Game! The Viral App Finally Returns to U.S. App Stores!,14/02/2025
The Ultimate Guide to Healing Foods: Eat Your Way to Better Health,13/02/2025
7 Beauty Secrets Celebrities Swear By (And How You Can Steal Them!),13/02/2025
9 Nail Polish Shades to Fall in Love With This Valentine’s Day,13/02/2025
Mehwish Hayat is All Set to Return to Our Television Screens After 7 Years!,13/02/2025
Ahmed Ali Akbar and Maham Batool Kickstart Their Wedding with a Qawwali Night,13/02/2025
10 Movies to Watch at Home If You're Single on Valentine’s Day,13/02/2025
Who is Maham Batool? Meet Ahmed Ali Akbar’s bride,14/02/2025
"This Valentine's Day, say yes to socks and no to flowers",14/02/2025
Croatia laughter museum aims to blow away blues,13/02/2025
Kanye West gets sued over alleged antisemitic conduct,13/02/2025
"Umair Jaswal, Hadiqa Kiani, and Shae Gill to headline Lahooti 2025",13/02/2025
Hasan Raheem softens down his song 'Obvious',13/02/2025
Michael Kors rounds out New York Fashion Week,13/02/2025
"Deepika Padukone talks exam stress, mental health",13/02/2025
Azaan Sami Khan pens birthday note for daughter,13/02/2025
Mariyam Nafees’ husband’s past marriage surprises fan,13/02/2025
Aurat March kickstarts in February this year,13/02/2025
"Paramount and youtube clash over contract, channels may be dropped",13/02/2025
"PlayStation state of play returns with new games, trailers, and updates",13/02/2025
New Zealand provide update on Rachin Ravindra's injury ahead of tri-series final,14/02/2025
Afghanistan — the perils of cuddling India,13/02/2025
"The Digital Cold War: AI, Blockchain, Fintech, and the US-China Battle for Financial Dominance Pt 2",13/02/2025
Remembering Faiz: A Bengali kid’s first lessons in poetry & politics,13/02/2025
Sindh minister calls for bold steps to modernise agriculture,14/02/2025
PFC makes significant impact at 11th IDF,14/02/2025
MoITT sets up 43 software tech parks,14/02/2025
"AsiaPak, Montage Oil bid for 75% of Lotte Chemical",14/02/2025
Man gets four-year term in narcotics case,14/02/2025
LHC takes stand against illegal dog culling,14/02/2025
Power of AI brings Urdu books to life,14/02/2025
Fitness certificate made mandatory for all vehicles,14/02/2025
Accidents galore as speeding vehicles run amok,14/02/2025
Man slays 4 kids before turning gun on himself,14/02/2025
"K-P prepares to launch first air ambulance, test flight completed",13/02/2025
"May 9 crossed all limits, says CB judge",14/02/2025
Feb 14 last date to submit third installment for Hajj 2025,13/02/2025
PIA upbeat about resumption of UK flights,14/02/2025
"Pakistan, Turkey set sights on $5b trade",14/02/2025
Pak eye bright future with CT hosting,14/02/2025
Key takeaways ahead of Pakistan's tri-series final against New Zealand,14/02/2025
Pakistan’s greatest ODI chases: A look back after historic win over South Africa,13/02/2025
List of players to miss Champions Trophy 2025,13/02/2025
"Babar Azam urges fans to drop 'King' title, highlights team focus",13/02/2025
Rajat Patidar named RCB captain for IPL 2025 as Virat Kohli gets snubbed,13/02/2025
Pakistan defeat South Africa in record chase,13/02/2025
PSG president Nasser Al-Khelaïfi indicted in Lagardère investigation,13/02/2025
"No alcohol for fans at World Cup 2034, says Saudi Arabia ambassador",13/02/2025
Arsenal fan Piers Morgan's tweet leaves Liverpool fans seething,13/02/2025
"UEFA Champions League playoffs: Bayern, Benfica in ideal position",13/02/2025
Watch: Chaotic scenes at Liverpool vs Everton as fans invade the pitch,13/02/2025
Trail Blazers vs Nuggets 121-132: Jamal Murray has career night for Denver,13/02/2025
Social media reacts to Paul George scoring only 2 as 76ers fall to Nets,13/02/2025
Markelle Fultz back in the NBA: Sacremento Kings sign former No. 1 pick,13/02/2025
Sean Strickland responds to coach’s harsh criticism of UFC 312 loss,13/02/2025
"Ohio State Buckeyes faces quarterback battle, adds Matt Patricia as DC",13/02/2025
Canada vs Sweden 4-3: Marner’s OT winner lifts Canada in thriller,13/02/2025
Punjab sets up 'Honhaar Scholarship' help desk for students,14/02/2025
Govt has no plan to impose new taxes: NA told,14/02/2025
Burnt body of missing Karachi young man found,14/02/2025
Saudi Arabia confirms alcohol ban at 2034 FIFA World Cup,14/02/2025
PM vows to advance objective of combating climate change,14/02/2025
"Deadly blast in Harnai kills 11 coal miners, injures four",14/02/2025
"Pakistan, Turkiye pledge to boost ties, $5b trade",14/02/2025
NATO allies scramble for direction as Trump team signals concessions to Moscow,14/02/2025
Playgrounds come alive again with Brazil school phone ban,14/02/2025
"Pakistan, Kiwis set for high-stakes final at National Bank Stadium",14/02/2025
"Pakistan, Turkiye sign multiple agreements to strengthen bilateral ties",13/02/2025
Pakistan set for economic growth after stability: PM,13/02/2025
Turkish President Erdogan receives guard of honour at PM House,13/02/2025
We will never allow Fitna al-Khawarij to impose their outdated ideology on country: COAS,13/02/2025
Justice Jahangiri declares writing advocate on vehicles' number plates illegal,14/02/2025
Ishaq Dar to visit USA for UNSC meeting,14/02/2025
CSS 2025 exam to begin as scheduled after IHC dismisses postponement plea,14/02/2025
"US awaits Arab plan for Gaza, Trump plan remains default option: Washington",14/02/2025
House Democrats urge Trump to retract comments on Gaza,14/02/2025
Palestinian population 'must remain in its land’: Vatican,14/02/2025
Afghan asylum seeker arrested after car ramming attack wounds 28 in Germany,14/02/2025
"U.S. deports migrants from Asian countries, including Pakistan, to Panama: NYT",14/02/2025
South Korea’s Yoon back in court for impeachment hearing,14/02/2025
"Hamas urges Arab summit, OIC meeting to reject Trump’s plan for Palestinian displacement",13/02/2025
Climate change takes centre stage at spring art festival,14/02/2025
Lahore set to host 9th Faiz Festival 2025 from today,14/02/2025
Haveli of Maharaja Ranjit Singh being conserved by WCLA,14/02/2025
394th annual Urs of Hazrat Ishan starts,14/02/2025
Second death anniversary of Zia Mohyeddin observed,14/02/2025
Artists asked to submit their entries for exhibition till March 20,13/02/2025
"Minister takes notice of difficulties in Umrah vaccination, orders more counters",14/02/2025
"Pakistan on new journey towards stability, prosperity, says Rana Mashhood",14/02/2025
Punjab home secretary visits Business Facilitation Centre,14/02/2025
Harsher penalties for forced begging in Punjab,14/02/2025
"Livestock cards to be delivered on time, says minister",14/02/2025
Railways to restore Shah Hussain Express from 25th,14/02/2025
Karachi sees surge in traffic accidents as govt moves to strengthen road safety,14/02/2025
Pakistan’s 2nd polio case of 2025 reported in Badin,14/02/2025
Sindh mandates physical fitness certificate for all heavy vehicles,14/02/2025
"Commissioner travels in People’s Bus Service, takes information about facilities",14/02/2025
Children should use mobile phones only for educational purposes: Saadia Rashid,14/02/2025
Commissioner chairs meeting to review monthly performance of Polio team,14/02/2025
"Pakistan keen to increase trade, investment with Japan: Governor",14/02/2025
KU VC Prof Dr Khalid Iraqi inaugurates second agricultural festival,14/02/2025
Probe report finds irregularities in coal procurement for Sahiwal power plant,14/02/2025
"Workshop stresses for shaping equitable, sustainable food systems",14/02/2025
"Law ministry notifies appointments of six SC judges, four high court chief justices",14/02/2025
Lawyer admits PTI’s decision to support military courts was wrong,14/02/2025
Marwat reaffirms unwavering loyalty to Imran Khan,14/02/2025
"Holding peaceful meetings democratic right of all parties, says Irfan Siddiqui",14/02/2025
Deadline for third installment in Govt Hajj Scheme ends today,14/02/2025
JUI-F chief stands with journalists against PECA law,14/02/2025
"I want to become a UFC World Champion, Bano Butt on her dreams and breaking barriers",14/02/2025
"Kinnaird College, PMAA equip young women with self-defense skills",14/02/2025
DS Polo storm into Deepal 96 Punjab Cup final,14/02/2025
Ahmer honored for contributions to squash at K2 Squash Gold Event,14/02/2025
PGF’s ‘train the trainers program’ boosts golf coaching in Pakistan,14/02/2025
South Green book berth in Rangers Cup Basketball final,14/02/2025
"Pakistan, Türkiye reaffirm commitment to strengthen trade, investment ties",14/02/2025
Term of incumbent Ogra chairman set to expire but search for replacement not in sight,14/02/2025
"PSX witnesses bearish trend, loses 360 points",14/02/2025
Govt hikes RLNG prices by up to 1.86pc,14/02/2025
"Non-banking microfinance sector: SECP announces series of initiatives to empower women, strengthen consumer protection",14/02/2025
"Gold price soars by Rs2,500 per tola",14/02/2025
Senate body vows to continue probing solar panel import scandal,14/02/2025
"Economic indicators showing positive trends, says Khurram Schehzad",14/02/2025
Authentic Voices in a Sea of Noise,14/02/2025
DeepSeek dilemma: Why is the Chinese AI app facing global backlash?,14/02/2025
Shaza engaging Huawei to advance Pak cloud infrastructure,14/02/2025
"Pakistan prioritizes circular economy to boost sustainability, waste management: Romina",14/02/2025
CM Maryam announces 3-marla plots for homeless people,14/02/2025
Maryam says Rs120b allocated for Suthra Punjab Programme,14/02/2025
Court reserves verdict on Elahi’s plea for permanent exemption,14/02/2025
"Balochistan CM announces Pink scooties, electric bikes scheme",14/02/2025
Security forces kill 13 terrorists in KP operations,14/02/2025
Kuwait hosts high-level forum to discuss International Islamic Court of Justice,14/02/2025
Everyone can’t go to jail to meet Imran: IHC CJ,14/02/2025
Man ends life after killing four children in Swabi,14/02/2025
PM thanks President Erdogan for visiting Pakistan,14/02/2025
Former SC judge Sheikh Azmat Saeed’s funeral to be held today,14/02/2025
First Lady of Turkiye visits Maarif International School in Islamabad,14/02/2025
PA pre-budget debate overshadowed by lawmakers’ apathy,14/02/2025
Committee formed to prepare annual report on environmental protection,14/02/2025
IGP pays tributes to police martyrs of Faisal Chowk Mall Road tragedy,14/02/2025
CM highlights radio’s enduring role on World Radio Day,14/02/2025
CM Murad invites Japanese companies to invest in Karachi mass transit projects,14/02/2025
Naqvi inaugurates passport office at NADRA Mega Centre in Karachi’s Nazimabad,14/02/2025
"SALU, Spanish university sign MoU to boost archaeological studies",14/02/2025
Sale of spurious medicines uncovered across Sindh,14/02/2025
Awareness session on harassment at workplace held,14/02/2025
"Police arrest three outlaws, recov stolen items",14/02/2025
"PMDC, Kazakh govt vow to cooperate in medical education",14/02/2025
"Senate Dy Chairman, Balochistan CM discuss development projects",14/02/2025
Social media influence makes wedding events expensive,14/02/2025
Cold and dry weather to prevail across Pakistan: PMD,14/02/2025
Bank Alfalah strengthens Qist Bazaar with Rs55m equity and Rs460m credit facility to fuel its expansion,14/02/2025
PSW CEO meets delegation led by Galaxefi CEO,14/02/2025
"JazzCash, Mobilink Bank named finalists for prestigious GLOMO Awards 2025",14/02/2025
Mohsin Naqvi announces three-day spring festival in Islamabad,14/02/2025
Pakistan's reference in Indo-US statement misleading; can't cover-up India's terror sponsorship: FO,14/02/2025
Yango Pakistan joined hands with Elixs Bikes to introduce affordable EV bikes for partner’s drivers,14/02/2025
Sindh extends heavy vehicle entry hours in Karachi,14/02/2025
CCP reviewing PTCL-Telenor merger ahead of spectrum auction,14/02/2025
"Govt reshuffles key bureaucratic positions, appoints new MD for Utility Stores",14/02/2025
Pakistan condemns Netanyahu’s remarks on Palestinian state in Saudi Arabia,14/02/2025
"Justice Mansoor Ali Shah dismisses reference fears, highlights judiciary’s performance",14/02/2025
Justice Sarfraz Dogar sworn in as acting chief justice of IHC,14/02/2025
"PM condemns Harnai blast, vows action against culprits",14/02/2025
Explosion near security convoy in Bannu injures two personnel,14/02/2025
Passing-out parade of 35th FC course held in Warsak,14/02/2025
CJP Yahya Afridi administers oath to six newly appointed SC judges,14/02/2025
PM Shehbaz invites Turkish businessmen to invest in Pakistan’s diverse fields,13/02/2025
Emirati ambassador to Washington says ‘no alternative’ to Trump's Gaza plan,13/02/2025
Bano Butt: The Trailblazer changing the face of Women’s MMA in Pakistan,13/02/2025
Wasim Akram joins Meer Group to drive Global Impact Vision 2030,13/02/2025
Pakistan set 243-run target for New Zealand in Tri-Nation series final,14/02/2025
Illegal structures razed in Lahore’s Subzazar Housing Scheme,14/02/2025
Star Grammar School among 69 buildings sealed in Lahore,14/02/2025
Pakistan Air Force fighter Jets to kick off ICC Champions Trophy 2025 in Style,14/02/2025
Petrol Price in Pakistan to ‘go down’ from Feb 16 amid dip in global oil rates,13/02/2025
State Bank of Pakistan’s liquid foreign reserves fall by $252 million,13/02/2025
Gold prices see another rise to reach record highs in Pakistan,14/02/2025
Pakistan expresses strong concerns over US transfer of advanced technology to India,14/02/2025
Seven new judges Join Supreme Court with Oath-Taking Ceremony,14/02/2025
"‘Will Send it Straight to PM’, Army Chief on Imran Khan’s letters",13/02/2025
"Pakistan, Turkey forge historic partnership with 24 Landmark Deals",13/02/2025
Turkish President Erdogan reaches PM House for talks with Shehbaz Sharif,13/02/2025
Bid to desecrate Holy Quran foiled outside Turkish Consulate in London,14/02/2025
"US, India strike deal for F-35 stealth fighter jets amid growing defense ties",14/02/2025
UAE is offering 10-Year Visa; Guide for Pakistanis to apply in 2025,13/02/2025
"Gold rate in Pakistan today, 14 February, 2025",14/02/2025
ECC approves transfer of shares of DISCOs in President of Pakistan’s name,14/02/2025
BISE Rawalpindi 10th Class Roll Number Slips 2025 for private students update,14/02/2025
"Over 16,000 School Teacher Jobs 2025 – Here’s all you need to know",14/02/2025
Honda City updated five-year installment plan in Pakistan for Feb 2025,14/02/2025
FPSC issues latest public notice regarding CSS Exams 2025,14/02/2025
Immediate action urged to save endangered pangolins in Pakistan,14/02/2025
Yango Pakistan joins hands with Elixs Bikes to introduce affordable EV bikes for partner’s drivers,14/02/2025
"Crude Oil prices rebound with slight gain amid US Tariff delay, strong demand",14/02/2025
UK Pound further climbs up against Pakistani rupee – 14 February 2025,14/02/2025
KP govt prepares to launch first air ambulance service,13/02/2025
Champions Trophy 2025 Prize Money Breakdown in Pakistani rupee for 2025,14/02/2025
Babar Azam on verge of breaking multiple records against New Zealand,14/02/2025
Thousands of patients treated at PIMS OPD in evening hours,14/02/2025
Volunteers’ climate taskforce to be set up for meaningful environmental action,13/02/2025
SBP injects over Rs 1.9 trillion in market,14/02/2025
Pakistan withdraws key powers from FBR on IMF demand,14/02/2025
"Hubco expands into EV charging sector with new subsidiary, partners with PSO",14/02/2025
Pakistan’s external debt servicing jumps to $4.2 billion in Q2-FY25,14/02/2025
PTI’s call for remittance boycott fails as overseas Pakistanis prioritize family over politics,14/02/2025
Pakistan Software Export Board expands IT infrastructure with 43 technology parks,14/02/2025
Elon Musk announces Grok 3 AI chatbot launch in the next two weeks,13/02/2025
Apple selects Alibaba for AI integration in China iPhones,13/02/2025
Apple’s App Tracking Transparency tool under scrutiny in Germany,13/02/2025
HBL and S&P launch Pakistan’s first Purchasing Managers’ Index,14/02/2025
Challenges hinder Gwadar Port’s full-scale operations despite incentives: report,14/02/2025
"Pakistan,Turkiye commit to strengthen cooperation, target $5bn trade volume",13/02/2025
Key banks implicated in Rs117bn over-invoicing scandal linked to solar panel imports,13/02/2025
"Two more IMF missions to visit Pakistan for climate resilience funding, EFF review",13/02/2025
Cabinet approves civil servants’ asset declaration law under IMF reform agenda,13/02/2025
Top global funds turn to Pakistan as 84% stock rally set to continue: Bloomberg,13/02/2025
"Salaried class tax payments surge to Rs285bn in seven months, minister hints at relief",13/02/2025
"Govt merges aviation ministry into defence, narcotics control into interior under rightsizing plan",13/02/2025
"IMF team reviews Pakistan’s audit, tax reforms in governance assessment",13/02/2025
Pakistan Petroleum Limited secures 10-year lease extension for Sui Gas Field operations,14/02/2025
SBP grants FPT clearance to Zia Ijaz as Askari Bank President & CEO,14/02/2025
India’s Modi brings a tariff ‘gift’ to Trump talks,13/02/2025
Oil prices decline on optimism over potential Russia-Ukraine peace agreement,13/02/2025
Google partners with Poland to expand AI adoption in key sectors,13/02/2025
"US regulator opens probe into 129,092 Honda vehicles over camera failure",13/02/2025
